threshold,accuracy_at_t,coverage,penalty_mean,overconf_rate
0.25,0.13445378151260504,0.98,-0.1331045751633987,0.8482352941176471
0.5,0.1371069182389937,0.9352941176470588,-0.6429019607843137,0.8070588235294117
0.75,0.12903225806451613,0.9117647058823529,-2.230352941176471,0.7941176470588235
0.9,0.11095700416088766,0.8482352941176471,-6.6929411764705895,0.7541176470588236
