,accuracy_at_t,coverage,penalty_mean,overconf_rate
Confidence-aware (t*=0.25),0.034334763948497854,0.9137254901960784,-0.2598039215686274,0.8823529411764706
Binary grading,0.027450980392156862,1.0,,0.9725490196078431
Always abstain,0.0,0.0,0.0,0.0
