threshold,accuracy_at_t,coverage,penalty_mean,overconf_rate
0.25,0.034334763948497854,0.9137254901960784,-0.2598039215686274,0.8823529411764706
0.5,0.02575107296137339,0.9137254901960784,-0.8558169934640524,0.8901960784313725
0.75,0.029045643153526972,0.9450980392156862,-2.7211764705882353,0.9176470588235294
0.9,0.02109704641350211,0.9294117647058824,-8.168627450980393,0.9098039215686274
