,accuracy_at_t,coverage,penalty_mean,overconf_rate
Confidence-aware (t*=0.9),0.13983050847457626,0.5552941176470588,-4.221176470588237,0.4776470588235294
Binary grading,0.10558823529411765,1.0,,0.8944117647058824
Always abstain,0.0,0.0,0.0,0.0
