threshold,accuracy_at_t,coverage,penalty_mean,overconf_rate
0.25,0.20714285714285716,0.5490196078431373,-0.016644880174291932,0.43529411764705883
0.5,0.234375,0.5019607843137255,-0.24862745098039213,0.3843137254901961
0.75,0.225,0.47058823529411764,-0.9623529411764706,0.36470588235294116
0.9,0.1896551724137931,0.4549019607843137,-3.231372549019609,0.3686274509803922
