threshold,accuracy_at_t,coverage,penalty_mean,overconf_rate
0.25,0.12369337979094076,0.6752941176470588,-0.08730065359477124,0.591764705882353
0.5,0.1332312404287902,0.768235294117647,-0.5154313725490196,0.6658823529411765
0.75,0.13873873873873874,0.6529411764705882,-1.5590588235294118,0.5623529411764706
0.9,0.13983050847457626,0.5552941176470588,-4.221176470588237,0.4776470588235294
