threshold,accuracy_at_t,coverage,penalty_mean,overconf_rate
0.25,0.3346456692913386,0.996078431372549,0.14775599128540307,0.6627450980392157
0.5,0.3486238532110092,0.8549019607843137,-0.2,0.5568627450980392
0.75,0.33879781420765026,0.7176470588235294,-1.111764705882353,0.4745098039215686
0.9,0.40145985401459855,0.5372549019607843,-2.6784313725490203,0.3215686274509804
