threshold,accuracy_at_t,coverage,penalty_mean,overconf_rate
0.25,0.1976470588235294,1.0,-0.01154248366013071,0.8023529411764706
0.5,0.20851688693098386,0.8011764705882353,-0.38627450980392153,0.6341176470588236
0.75,0.248,0.4411764705882353,-0.8341176470588235,0.33176470588235296
0.9,0.0,0.0,0.0,0.0
