threshold,accuracy_at_t,coverage,penalty_mean,overconf_rate
0.25,0.10828025477707007,0.615686274509804,-0.0920479302832244,0.5490196078431373
0.5,0.10606060606060606,0.5176470588235295,-0.3947712418300654,0.4627450980392157
0.75,0.13157894736842105,0.4470588235294118,-1.1058823529411765,0.38823529411764707
0.9,0.15178571428571427,0.4392156862745098,-3.2862745098039223,0.37254901960784315
