,accuracy_at_t,coverage,penalty_mean,overconf_rate
Confidence-aware (t*=0.9),0.15178571428571427,0.4392156862745098,-3.2862745098039223,0.37254901960784315
Binary grading,0.07254901960784314,1.0,,0.9274509803921569
Always abstain,0.0,0.0,0.0,0.0
