threshold,accuracy_at_t,coverage,penalty_mean,overconf_rate
0.25,0.20784313725490197,1.0,-0.02507625272331154,0.792156862745098
0.5,0.20909090909090908,0.8627450980392157,-0.44960784313725494,0.6823529411764706
0.75,0.17326732673267325,0.792156862745098,-1.748235294117647,0.6549019607843137
0.9,0.20408163265306123,0.5764705882352941,-4.011764705882355,0.4588235294117647
