,accuracy_at_t,coverage,penalty_mean,overconf_rate
Confidence-aware (t*=0.5),0.20909090909090908,0.8627450980392157,-0.44960784313725494,0.6823529411764706
Binary grading,0.1980392156862745,1.0,,0.8019607843137255
Always abstain,0.0,0.0,0.0,0.0
