threshold,accuracy_at_t,coverage,penalty_mean,overconf_rate
0.25,0.08992805755395683,0.9811764705882353,-0.15706535947712416,0.8929411764705882
0.5,0.09483960948396095,0.8435294117647059,-0.607843137254902,0.7635294117647059
0.75,0.10035211267605634,0.668235294117647,-1.6563529411764704,0.6011764705882353
0.9,0.1036036036036036,0.5223529411764706,-4.160000000000001,0.4682352941176471
