,accuracy_at_t,coverage,penalty_mean,overconf_rate
Confidence-aware (t*=0.9),0.1036036036036036,0.5223529411764706,-4.160000000000001,0.4682352941176471
Binary grading,0.08735294117647059,1.0,,0.9126470588235294
Always abstain,0.0,0.0,0.0,0.0
