,accuracy_at_t,coverage,penalty_mean,overconf_rate
Confidence-aware (t*=0.25),0.05737704918032787,0.9568627450980393,-0.22875816993464054,0.9019607843137255
Binary grading,0.05196078431372549,1.0,,0.9480392156862745
Always abstain,0.0,0.0,0.0,0.0
