threshold,accuracy_at_t,coverage,penalty_mean,overconf_rate
0.25,0.07971014492753623,0.9741176470588235,-0.17018954248366014,0.8964705882352941
0.5,0.09418282548476455,0.8494117647058823,-0.6014705882352941,0.7694117647058824
0.75,0.08148148148148149,0.6352941176470588,-1.6369411764705883,0.5835294117647059
0.9,0.0810126582278481,0.4647058823529412,-3.8058823529411776,0.42705882352941177
