threshold,coverage,accuracy_at_t,penalty_mean,overconf_rate
0.25,1.0,0.20784313725490197,0.021262745098039215,0.792156862745098
0.5,0.8,0.17647058823529413,-0.3571490196078431,0.6588235294117647
0.75,0.4196078431372549,0.19626168224299065,-0.8046117647058824,0.33725490196078434
0.9,0.1568627450980392,0.2,-1.0416392156862748,0.12549019607843137
