threshold,coverage,accuracy_at_t,penalty_mean,overconf_rate
0.25,1.0,0.0,-0.23310549019607846,1.0
0.5,0.8247058823529412,0.0,-0.6200423529411765,0.8247058823529412
0.75,0.42,0.0,-1.1037599999999999,0.42
0.9,0.17647058823529413,0.0,-1.5074258823529416,0.17647058823529413
