,accuracy_at_t,coverage,penalty_mean,overconf_rate
Confidence-aware (t*=0.5),0.09418282548476455,0.8494117647058823,-0.6014705882352941,0.7694117647058824
Binary grading,0.05196078431372549,1.0,,0.9480392156862745
Always abstain,0.0,0.0,0.0,0.0
