threshold,accuracy_at_t,coverage,penalty_mean,overconf_rate
0.25,0.05737704918032787,0.9568627450980393,-0.22875816993464054,0.9019607843137255
0.5,0.043859649122807015,0.8941176470588236,-0.7843137254901961,0.8549019607843137
0.75,0.046296296296296294,0.8470588235294118,-2.3588235294117648,0.807843137254902
0.9,0.04568527918781726,0.7725490196078432,-6.6000000000000005,0.7372549019607844
